ESPN,KenPom
Indiana University Northwest,Indiana
South Carolina State,South Carolina St.
Morgan State,Morgan St.
Texas A&M-Commerce,Texas A&M Commerce
Nicholls St.,Nicholls
Coppin State,Coppin St.
Northwestern State,Northwestern St.
Mississippi Valley State,Mississippi Valley St.
Arkansas-Pine Bluff,Arkansas Pine Bluff
Grambling,Grambling St.
Bethune-Cookman,Bethune Cookman
Iowa State,Iowa St.
Kansas State,Kansas St.
SE Louisiana,Southeastern Louisiana
Alcorn State,Alcorn St.
Norfolk State,Norfolk St.
Delaware State,Delaware St.
Maryland-Eastern Shore,Maryland Eastern Shore
Texas A&M-Corpus Christi,Texas A&M Corpus Chris
Alabama State,Alabama St.
Jackson State,Jackson St.
NC State,N.C. State
Florida State,Florida St.
Michigan State,Michigan St.
Morehead State,Morehead St.
Utah State,Utah St.
Boise State,Boise St.
Kent State,Kent St.
Miami (OH),Miami OH
Ball State,Ball St.
UConn,Connecticut
San Diego State,San Diego St.
San José State,San Jose St.
Oklahoma State,Oklahoma St.
Indiana State,Indiana St.
Murray State,Murray St.
Ole Miss,Mississippi
Colorado State,Colorado St.
Penn State,Penn St.
Miami,Miami FL
South Carolina Upstate,USC Upstate
American University,American
Loyola Maryland,Loyola MD
East Tennessee State,East Tennessee St.
Georgia State,Georgia St.
Jacksonville State,Jacksonville St.
UIC,Illinois Chicago
Missouri State,Missouri St.
Illinois State,Illinois St.
Wichita State,Wichita St.
Mississippi State,Mississippi St.
St. Francis (PA),Saint Francis
Wright State,Wright St.
Cleveland State,Cleveland St.
Appalachian State,Appalachian St.
Queens University,Queens
Kennesaw State,Kennesaw St.
Ohio State,Ohio St.
Texas State,Texas St.
Kansas City,UMKC
St. Thomas-Minnesota,St. Thomas
California Baptist,Cal Baptist
UT Martin,Tennessee Martin
Sam Houston,Sam Houston St.
Portland State,Portland St.
Sacramento State,Sacramento St.
Oregon State,Oregon St.
Cal State Bakersfield,Cal St. Bakersfield
Washington State,Washington St.
Gardner-Webb,Gardner Webb
Long Island University,LIU
UAlbany,Albany
Florida International,FIU
Southeast Missouri State,Southeast Missouri St.
Omaha,Nebraska Omaha
South Dakota State,South Dakota St.
North Dakota State,North Dakota St.
Tarleton State,Tarleton St.
Tennessee State,Tennessee St.
UL Monroe,Louisiana Monroe
Arizona State,Arizona St.
Arkansas State,Arkansas St.
New Mexico State,New Mexico St.
Montana State,Montana St.
Seattle U,Seattle
Cal State Northridge,Cal St. Northridge
Long Beach State,Long Beach St.
Cal State Fullerton,Cal St. Fullerton
Pennsylvania,Penn
Youngstown State,Youngstown St.
Weber State,Weber St.
Hawai'i,Hawaii
McNeese St.,McNeese
Idaho State,Idaho St.
Fresno State,Fresno St.
